Neighborhood,Neighborhood Latitude,Neighborhood Longitude,Venue,Venue ID,Distance,Venue Latitude,Venue Longitude,Venue Category,like_counts,rating,photo_count,reasons_count,tips_count
North York,43.768260000000055,-79.41262999999998,The Keg,5a35b4443abcaf37eb1a0d88,191,43.766578917664795,-79.41213141222555,Steakhouse,25,8.5,7,0,3
North York,43.768260000000055,-79.41262999999998,Konjiki Ramen,5a02789d0a464d3112a58785,144,43.76699771023422,-79.41222209328754,Ramen Restaurant,39,8.3,68,1,8
North York,43.768260000000055,-79.41262999999998,Toronto Centre for the Arts,4ad4c062f964a520c3f720e3,255,43.76622825730736,-79.41411495208739,Theater,46,8.1,145,1,13
North York,43.768260000000055,-79.41262999999998,Loblaws,4ae257cff964a520758d21e3,66,43.768722,-79.412101,Grocery Store,90,7.8,94,1,13
North York,43.768260000000055,-79.41262999999998,Satay Sate,57f92db0498ee70159702002,179,43.766690000000004,-79.4121,Indonesian Restaurant,8,7.8,4,0,4
North York,43.768260000000055,-79.41262999999998,Saryo,5a46b1016e4650136e1dc52b,146,43.766979020092315,-79.41220491675689,Café,11,7.8,13,0,2
North York,43.768260000000055,-79.41262999999998,Mel Lastman Square,4bc876028b7c9c74162038cf,68,43.76770145783431,-79.41297541544051,Plaza,36,7.3,200,1,19
North York,43.768260000000055,-79.41262999999998,Starbucks,4aedfeadf964a52005d121e3,35,43.768353000000005,-79.413046,Coffee Shop,85,7.3,128,1,27
North York,43.768260000000055,-79.41262999999998,Starbucks,4aedfeadf964a52005d121e3,35,43.768353000000005,-79.413046,Coffee Shop,26,7.3,15,0,6
North York,43.768260000000055,-79.41262999999998,Starbucks,4aedfeadf964a52005d121e3,35,43.768353000000005,-79.413046,Coffee Shop,2,6.7,4,0,0
Mississauga,43.587260000000065,-79.64493999999995,Starbucks,539471da498e2f39905f4f05,204,43.586461,-79.647224,Coffee Shop,85,7.3,128,1,27
Mississauga,43.587260000000065,-79.64493999999995,Starbucks,539471da498e2f39905f4f05,204,43.586461,-79.647224,Coffee Shop,26,7.3,15,0,6
Mississauga,43.587260000000065,-79.64493999999995,Starbucks,539471da498e2f39905f4f05,204,43.586461,-79.647224,Coffee Shop,2,6.7,4,0,0
Mississauga,43.587260000000065,-79.64493999999995,Starbucks,50622622e4b0ef717cc82b0f,444,43.591019,-79.646789,Coffee Shop,85,7.3,128,1,27
Mississauga,43.587260000000065,-79.64493999999995,Starbucks,50622622e4b0ef717cc82b0f,444,43.591019,-79.646789,Coffee Shop,26,7.3,15,0,6
Mississauga,43.587260000000065,-79.64493999999995,Starbucks,50622622e4b0ef717cc82b0f,444,43.591019,-79.646789,Coffee Shop,2,6.7,4,0,0
North York,43.768260000000055,-79.41262999999998,Cineplex Cinemas,4ad4c062f964a520e2f720e3,40,43.76862539839478,-79.41261307104753,Movie Theater,171,7.3,189,1,33
North York,43.768260000000055,-79.41262999999998,Aroma Espresso Bar,557767bc498ea4a20c8043f6,137,43.76944882099181,-79.41308107735675,Café,20,7.2,12,0,3
North York,43.768260000000055,-79.41262999999998,Michaels,50001583e4b090a9fbe160d6,124,43.767244873945714,-79.41197372883606,Arts & Crafts Store,26,7.2,33,0,4
North York,43.768260000000055,-79.41262999999998,Dairy Queen,591491796bd36b1faf45e96b,147,43.76701557770687,-79.4120009150447,Ice Cream Shop,3,7.1,2,0,1
North York,43.768260000000055,-79.41262999999998,Empress Walk,4ada4936f964a520ea2021e3,31,43.768540252857974,-79.41267070827841,Shopping Mall,35,7.0,40,1,6
North York,43.768260000000055,-79.41262999999998,Sushi Moto Sake & Wine Bar,4c12ccc077cea59360c0cd60,492,43.76390159157954,-79.41155904521092,Sushi Restaurant,106,8.0,159,1,51
North York,43.768260000000055,-79.41262999999998,Booster Juice,58c184204f218a16d13f758b,75,43.76889,-79.41298990000001,Juice Bar,3,7.0,0,0,0
North York,43.768260000000055,-79.41262999999998,Pizzaiolo,4dcc56ac1838a9a8d7fe67fc,447,43.76428931934003,-79.41177961294926,Pizza Place,10,7.7,3,0,8
North York,43.768260000000055,-79.41262999999998,Baton Rouge,4b3e93dcf964a520309f25e3,203,43.76645494997892,-79.41222941305855,American Restaurant,31,7.0,31,1,13
North York,43.768260000000055,-79.41262999999998,Douglas Snow Aquatic Centre,4b48c217f964a520b25526e3,216,43.767317139739454,-79.41498164406656,Pool,7,7.0,10,0,2
North York,43.768260000000055,-79.41262999999998,Aura,4cf9ed11dccef04da169b29c,289,43.766012799364795,-79.41081286441447,Lounge,8,7.1,10,0,4
North York,43.768260000000055,-79.41262999999998,Wako Sushi + Bar,5077025ce4b05aefca37d9f9,286,43.77080606720809,-79.41313811956255,Japanese Restaurant,12,7.1,11,0,4
North York,43.768260000000055,-79.41262999999998,MYMY Chicken,58702ed20bc55b0a672ae4e6,419,43.76465797243293,-79.41109575340602,Fried Chicken Joint,12,7.4,10,0,4
North York,43.768260000000055,-79.41262999999998,Bake Code 烘焙密碼,55d4174a498e4282465852fd,484,43.76396880903953,-79.4116409909762,Bakery,53,7.4,48,1,17
North York,43.768260000000055,-79.41262999999998,Gol,4b6f559df964a520f4eb2ce3,460,43.76424,-79.411265,Middle Eastern Restaurant,5,7.0,2,0,4
North York,43.768260000000055,-79.41262999999998,Symposium Cafe Restaurant & Lounge,537befcc498edb1da559269b,319,43.77107544003332,-79.41339624610163,Restaurant,30,6.5,32,0,11
Downtown Toronto,43.65820000000008,-79.3683200038951,Sukhothai,4ada57aff964a520972121e3,214,43.65844446553953,-79.36568085121628,Thai Restaurant,74,8.4,78,1,53
Downtown Toronto,43.65820000000008,-79.3683200038951,I Love Churros,50899387e4b055a756b254fc,221,43.65836361668554,-79.36558277878224,Food Truck,6,7.6,17,0,4
Downtown Toronto,43.65820000000008,-79.3683200038951,Ontario Restaurant,4ae666dbf964a520dca621e3,76,43.65888321199789,-79.36836906142995,Diner,7,7.5,2,0,2
Downtown Toronto,43.65820000000008,-79.3683200038951,Schnitzel Queen,561ffc99498e1468dac63cdd,475,43.65423906004429,-79.37053284604036,German Restaurant,16,8.5,6,0,3
Downtown Toronto,43.65820000000008,-79.3683200038951,Figs Breakfast & Lunch,4af59046f964a520e0f921e3,416,43.65567455427388,-79.36450328924941,Breakfast Spot,55,8.0,37,1,25
Downtown Toronto,43.65820000000008,-79.3683200038951,King's Place647-352-0786,548bb041498eff940205b644,209,43.658278219451866,-79.37092509166455,Pakistani Restaurant,16,7.1,11,0,5
Downtown Toronto,43.65820000000008,-79.3683200038951,Berkeley Church,4ade8ea8f964a5205a7621e3,395,43.655123241745,-79.36587330410704,Event Space,26,7.7,194,0,7
Downtown Toronto,43.65820000000008,-79.3683200038951,The Yoga Lounge,4b58dd55f964a5208f6f28e3,403,43.655515222617204,-79.36495542526245,Yoga Studio,8,7.6,1,0,2
Downtown Toronto,43.65820000000008,-79.3683200038951,FAMO Sandwiches,589b45bfaf5c141e6c9e0c3b,470,43.654064,-79.369515,Sandwich Place,5,7.9,3,0,3
Downtown Toronto,43.65820000000008,-79.3683200038951,Smoke's Poutinerie,4ada0565f964a520601d21e3,423,43.65737935238092,-79.37345459540276,Poutine Place,59,7.6,104,1,25
Downtown Toronto,43.65820000000008,-79.3683200038951,Paintbox Bistro,505bacb2e4b0474d876eb78c,485,43.66005047590362,-79.36285470971839,Restaurant,25,7.7,34,0,9
Downtown Toronto,43.65820000000008,-79.3683200038951,The Beer Store,4b6dde8bf964a5203a972ce3,392,43.6613878,-79.370403,Beer Store,9,7.4,9,0,1
Downtown Toronto,43.65820000000008,-79.3683200038951,It's Jenny Café,506d879ae4b087726c8cdd45,419,43.661937943136046,-79.36898910730264,Café,4,7.3,8,0,3
Downtown Toronto,43.65820000000008,-79.3683200038951,Souvlaki Express,4bc39c914cdfc9b6f29c9721,427,43.65558391537734,-79.36443816909015,Greek Restaurant,7,7.3,8,0,6
Downtown Toronto,43.65820000000008,-79.3683200038951,Moss Park Arena,4bca1f87b6c49c74e3d28f91,386,43.65488712314853,-79.36977129447679,Skating Rink,5,6.8,16,0,4
Etobicoke,43.64436000000007,-79.56712999999995,Tim Hortons,50d4866ee4b0c1554d94fef7,57,43.6447049,-79.5676593,Coffee Shop,31,7.8,15,1,3
Etobicoke,43.64436000000007,-79.56712999999995,Tim Hortons,50d4866ee4b0c1554d94fef7,57,43.6447049,-79.5676593,Coffee Shop,15,6.8,14,0,5
Etobicoke,43.64436000000007,-79.56712999999995,Tim Hortons,50d4866ee4b0c1554d94fef7,57,43.6447049,-79.5676593,Coffee Shop,2,6.2,4,0,2
Etobicoke,43.64436000000007,-79.56712999999995,Tim Hortons,50d4866ee4b0c1554d94fef7,57,43.6447049,-79.5676593,Coffee Shop,2,5.3,2,0,3
Scarborough,43.772200000000055,-79.25665999999995,Tim Hortons,4be412b0cf200f474e6c113c,390,43.76993563590986,-79.26036802679845,Coffee Shop,31,7.8,15,1,3
Scarborough,43.772200000000055,-79.25665999999995,Tim Hortons,4be412b0cf200f474e6c113c,390,43.76993563590986,-79.26036802679845,Coffee Shop,15,6.8,14,0,5
Scarborough,43.772200000000055,-79.25665999999995,Tim Hortons,4be412b0cf200f474e6c113c,390,43.76993563590986,-79.26036802679845,Coffee Shop,2,6.2,4,0,2
Scarborough,43.772200000000055,-79.25665999999995,Tim Hortons,4be412b0cf200f474e6c113c,390,43.76993563590986,-79.26036802679845,Coffee Shop,2,5.3,2,0,3
Scarborough,43.772200000000055,-79.25665999999995,Tim Hortons,4de1a9421f6e3190ccfe84bb,393,43.771521859665796,-79.2518573999404,Coffee Shop,31,7.8,15,1,3
Scarborough,43.772200000000055,-79.25665999999995,Tim Hortons,4de1a9421f6e3190ccfe84bb,393,43.771521859665796,-79.2518573999404,Coffee Shop,15,6.8,14,0,5
Scarborough,43.772200000000055,-79.25665999999995,Tim Hortons,4de1a9421f6e3190ccfe84bb,393,43.771521859665796,-79.2518573999404,Coffee Shop,2,6.2,4,0,2
Scarborough,43.772200000000055,-79.25665999999995,Tim Hortons,4de1a9421f6e3190ccfe84bb,393,43.771521859665796,-79.2518573999404,Coffee Shop,2,5.3,2,0,3
East York,43.691800000000065,-79.32702999999998,Tim Hortons,51c2fbcc498e9c5ea2bf5902,238,43.68982929999999,-79.32586140000001,Coffee Shop,31,7.8,15,1,3
East York,43.691800000000065,-79.32702999999998,Tim Hortons,51c2fbcc498e9c5ea2bf5902,238,43.68982929999999,-79.32586140000001,Coffee Shop,15,6.8,14,0,5
East York,43.691800000000065,-79.32702999999998,Tim Hortons,51c2fbcc498e9c5ea2bf5902,238,43.68982929999999,-79.32586140000001,Coffee Shop,2,6.2,4,0,2
East York,43.691800000000065,-79.32702999999998,Tim Hortons,51c2fbcc498e9c5ea2bf5902,238,43.68982929999999,-79.32586140000001,Coffee Shop,2,5.3,2,0,3
Etobicoke,43.64436000000007,-79.56712999999995,Farmer's Market Etobicoke,4c3876b80a71c9b6aca240c9,163,43.643061019600275,-79.56619097935341,Farmers Market,7,7.5,3,0,3
Scarborough,43.772200000000055,-79.25665999999995,St. Andrews Fish & Chips,4b2d1251f964a520a4cd24e3,324,43.771864612301854,-79.25264476539711,Fish & Chips Shop,14,7.9,23,0,6
Scarborough,43.772200000000055,-79.25665999999995,Disney Store,5085ec39e4b0b1ead2eb0818,371,43.775537,-79.256833,Toy / Game Store,21,7.6,28,0,3
Scarborough,43.772200000000055,-79.25665999999995,Shoppers Drug Mart,4b608e9df964a52084ed29e3,420,43.773305,-79.251662,Pharmacy,19,7.6,7,0,3
Scarborough,43.772200000000055,-79.25665999999995,SEPHORA,4c059bcd7083952134097bce,334,43.775016883668386,-79.25810909472257,Cosmetics Shop,8,7.3,5,0,2
Scarborough,43.772200000000055,-79.25665999999995,St. Louis Bar & Grill,4af9f658f964a520981522e3,316,43.77415728200111,-79.25380776403621,Bar,37,7.2,47,1,26
Scarborough,43.772200000000055,-79.25665999999995,DAVIDsTEA,4c4bbc646e209521b57e16ec,486,43.77632000767913,-79.2586876451969,Tea Room,9,7.4,4,0,3
Scarborough,43.772200000000055,-79.25665999999995,American Eagle Outfitters,4c3c8e1f282203bb4ca3fcda,445,43.776011600000004,-79.25833370000001,Clothing Store,9,7.3,2,0,2
Scarborough,43.772200000000055,-79.25665999999995,Hot Topic,4c648dbdf07e2d7fc4aa8f50,375,43.77545002191434,-79.2579286531551,Clothing Store,6,7.1,4,0,3
Scarborough,43.772200000000055,-79.25665999999995,Tommy Hilfiger,4d1127d65f3376eb86661386,428,43.776015461034575,-79.25736884156035,Clothing Store,7,7.2,0,0,4
Scarborough,43.772200000000055,-79.25665999999995,Chipotle Mexican Grill,57f5233a498ea7b30b08d1eb,482,43.77641,-79.25806899999999,Mexican Restaurant,3,7.2,0,0,1
Scarborough,43.772200000000055,-79.25665999999995,Coliseum Scarborough Cinemas,4ad4c062f964a520dbf720e3,430,43.77599527957654,-79.25564907498644,Movie Theater,189,6.9,205,1,26
Scarborough,43.772200000000055,-79.25665999999995,Jimmy The Greek,4b68adbef964a5209d862be3,326,43.775111793455885,-79.2571186919894,Greek Restaurant,5,6.7,3,0,4
Scarborough,43.772200000000055,-79.25665999999995,lululemon athletica,4b11c591f964a520538423e3,395,43.7755173,-79.2584229,Clothing Store,4,6.7,2,0,3
Scarborough,43.772200000000055,-79.25665999999995,Scarborough Town Centre,4adc7854f964a5207d2c21e3,347,43.775277114938504,-79.25741288784752,Shopping Mall,384,6.5,380,1,89
Scarborough,43.772200000000055,-79.25665999999995,GAP,4b674f73f964a52039472be3,313,43.77498163421295,-79.25728484314126,Clothing Store,5,6.4,3,0,0
Scarborough,43.772200000000055,-79.25665999999995,GAP,4b674f73f964a52039472be3,313,43.77498163421295,-79.25728484314126,Clothing Store,5,6.3,4,0,2
Mississauga,43.587260000000065,-79.64493999999995,GAP,4b2a7e21f964a52034aa24e3,472,43.59139507673574,-79.64362621307373,Clothing Store,5,6.4,3,0,0
Mississauga,43.587260000000065,-79.64493999999995,GAP,4b2a7e21f964a52034aa24e3,472,43.59139507673574,-79.64362621307373,Clothing Store,5,6.3,4,0,2
Scarborough,43.772200000000055,-79.25665999999995,Subway,4c0542f80d0e0f478212059a,320,43.77147702024787,-79.25280464787159,Sandwich Place,1,6.3,0,0,1
Scarborough,43.772200000000055,-79.25665999999995,Subway,4c0542f80d0e0f478212059a,320,43.77147702024787,-79.25280464787159,Sandwich Place,1,6.2,1,0,3
Scarborough,43.772200000000055,-79.25665999999995,Subway,4c0542f80d0e0f478212059a,320,43.77147702024787,-79.25280464787159,Sandwich Place,0,6.3,0,0,1
Scarborough,43.772200000000055,-79.25665999999995,Subway,4c0542f80d0e0f478212059a,320,43.77147702024787,-79.25280464787159,Sandwich Place,1,6.2,1,0,0
Scarborough,43.772200000000055,-79.25665999999995,Subway,4f628870e4b04b2441e12431,325,43.77510207641168,-79.25711450492464,Sandwich Place,1,6.3,0,0,1
Scarborough,43.772200000000055,-79.25665999999995,Subway,4f628870e4b04b2441e12431,325,43.77510207641168,-79.25711450492464,Sandwich Place,1,6.2,1,0,3
Scarborough,43.772200000000055,-79.25665999999995,Subway,4f628870e4b04b2441e12431,325,43.77510207641168,-79.25711450492464,Sandwich Place,0,6.3,0,0,1
Scarborough,43.772200000000055,-79.25665999999995,Subway,4f628870e4b04b2441e12431,325,43.77510207641168,-79.25711450492464,Sandwich Place,1,6.2,1,0,0
East York,43.691800000000065,-79.32702999999998,Subway,4f3bc224e4b0c533fa75301b,253,43.69002257898042,-79.3250541871807,Sandwich Place,1,6.3,0,0,1
East York,43.691800000000065,-79.32702999999998,Subway,4f3bc224e4b0c533fa75301b,253,43.69002257898042,-79.3250541871807,Sandwich Place,1,6.2,1,0,3
East York,43.691800000000065,-79.32702999999998,Subway,4f3bc224e4b0c533fa75301b,253,43.69002257898042,-79.3250541871807,Sandwich Place,0,6.3,0,0,1
East York,43.691800000000065,-79.32702999999998,Subway,4f3bc224e4b0c533fa75301b,253,43.69002257898042,-79.3250541871807,Sandwich Place,1,6.2,1,0,0
York,43.692080000000026,-79.47862999999995,Subway,5143b746e4b0ff6e207da7e4,422,43.690218303002176,-79.47404997234327,Sandwich Place,1,6.3,0,0,1
York,43.692080000000026,-79.47862999999995,Subway,5143b746e4b0ff6e207da7e4,422,43.690218303002176,-79.47404997234327,Sandwich Place,1,6.2,1,0,3
York,43.692080000000026,-79.47862999999995,Subway,5143b746e4b0ff6e207da7e4,422,43.690218303002176,-79.47404997234327,Sandwich Place,0,6.3,0,0,1
York,43.692080000000026,-79.47862999999995,Subway,5143b746e4b0ff6e207da7e4,422,43.690218303002176,-79.47404997234327,Sandwich Place,1,6.2,1,0,0
Scarborough,43.772200000000055,-79.25665999999995,Moxie's Classic Grill,4ae32f7ff964a520699121e3,447,43.776218527245206,-79.25681965472798,American Restaurant,47,6.5,85,1,42
Scarborough,43.772200000000055,-79.25665999999995,FreshCo,4d051729347da1cd6a2d2f8f,446,43.77347454842125,-79.25139167467867,Grocery Store,20,6.4,19,0,7
Scarborough,43.772200000000055,-79.25665999999995,Petro-Canada,4be897a788ed2d7f9116cc1d,488,43.769724,-79.261677,Gas Station,2,6.5,0,0,0
Scarborough,43.772200000000055,-79.25665999999995,YMCA,4ae6053bf964a52022a421e3,348,43.774798654573296,-79.25424590597602,Gym,17,6.2,1,0,5
Scarborough,43.772200000000055,-79.25665999999995,SportChek,4b686306f964a52055752be3,444,43.776112968748386,-79.25555191740501,Sporting Goods Shop,0,6.3,0,0,1
Scarborough,43.772200000000055,-79.25665999999995,AllStar Wings & Ribs,52c9e2c2498eab8cfc887990,443,43.773123789272205,-79.25129550884067,Wings Joint,27,6.3,32,0,10
East York,43.691800000000065,-79.32702999999998,East York Farmers' Market,4e3816b18877541e90eba62f,188,43.69048245471865,-79.32850947021142,Farmers Market,8,7.7,37,0,5
East York,43.691800000000065,-79.32702999999998,Last Drop Cafe,4adb7a7df964a520f02721e3,340,43.688829532311495,-79.32600210968184,Coffee Shop,8,7.2,6,0,11
East York,43.691800000000065,-79.32702999999998,Lickadee Split,4de58f9f45dda52a05f975c3,497,43.696096000000004,-79.32872089769886,Ice Cream Shop,6,7.1,5,0,6
East Toronto,43.659029919499254,-79.34900993060765,The Broadview Hotel,596186fd772fbc1671dff18b,82,43.659059899999995,-79.35003,Hotel,55,9.0,31,1,7
East Toronto,43.659029919499254,-79.34900993060765,White Lily Diner,58233f576a80ef616dbf88ab,170,43.65867460038718,-79.35107379221633,Diner,33,8.8,29,1,7
East Toronto,43.659029919499254,-79.34900993060765,Quad East,4dcbcbc47d8b84bcd55b7439,186,43.65868140211272,-79.35127335463245,Gym / Fitness Center,17,8.7,1,0,5
East Toronto,43.659029919499254,-79.34900993060765,Boxcar Social,55637f1c498ecfe4c5dd2322,188,43.659722741351565,-79.34687077721378,Café,91,8.7,75,1,28
East Toronto,43.659029919499254,-79.34900993060765,La Carnita,5500bd15498ec8482e5e635f,148,43.6596258037151,-79.34735987709429,Taco Place,65,8.5,44,1,17
East Toronto,43.659029919499254,-79.34900993060765,Tabule,519d414a498e6cc21f677ff4,228,43.659730965343634,-79.3463408134466,Middle Eastern Restaurant,100,8.7,74,1,29
East Toronto,43.659029919499254,-79.34900993060765,Chez Nous,594f2fa71f8ed6211a514876,182,43.65964,-79.3469,Wine Bar,7,8.3,3,0,1
East Toronto,43.659029919499254,-79.34900993060765,Rooftop At Broadview Hotel,59d40c3da9e40234d27cdc28,86,43.6591094703885,-79.35007412650944,Hotel Bar,21,8.3,22,0,4
East Toronto,43.659029919499254,-79.34900993060765,Ruby WatchCo.,4bc37b7c920eb713b4851d2c,18,43.659149101633645,-79.34916965901455,Restaurant,50,8.3,66,1,27
East Toronto,43.659029919499254,-79.34900993060765,I’ll Be Seeing You,5696fec5498eec0b3ffec7be,75,43.65924986154349,-79.34812146928077,Bar,11,8.3,7,0,1
East Toronto,43.659029919499254,-79.34900993060765,The Comrade,4aeb98fff964a520a6c321e3,93,43.659346498177754,-79.34793199050331,Bar,55,8.3,42,1,42
East Toronto,43.659029919499254,-79.34900993060765,Eastbound Brewing Company,5809380538fa964fcc2f75e6,99,43.659007801228846,-79.35024989233756,Brewery,20,8.2,63,0,6
East Toronto,43.659029919499254,-79.34900993060765,Royal Canadian Curling Club,4af5b6a9f964a520c7fb21e3,115,43.659989336760226,-79.34955038817158,Curling Ice,21,8.1,22,0,5
East Toronto,43.659029919499254,-79.34900993060765,Carbon Computing,4ad79890f964a520900c21e3,127,43.65945700245283,-79.34753810168428,Electronics Store,11,8.1,3,0,6
East Toronto,43.659029919499254,-79.34900993060765,Dark Horse Espresso Bar,553ab5bc498e111b32cd18f5,275,43.65849807585409,-79.35235639621162,Coffee Shop,48,8.7,32,1,8
East Toronto,43.659029919499254,-79.34900993060765,Hi-Lo,5261df96498e25eda5a4432e,82,43.659254003003966,-79.34803521371407,Dive Bar,51,8.0,34,1,15
East Toronto,43.659029919499254,-79.34900993060765,Tertulia,5baf8e509de23b002c5cc3ec,38,43.658744,-79.349276,Café,7,8.0,0,0,2
East Toronto,43.659029919499254,-79.34900993060765,The Opera House,4ad4c062f964a520d0f720e3,25,43.65890447141719,-79.34874429043094,Rock Club,128,7.8,276,1,40
East Toronto,43.659029919499254,-79.34900993060765,Bonjour Brioche,4ad79959f964a520990c21e3,234,43.659734402868,-79.34626614342186,Bakery,129,7.8,170,1,89
East Toronto,43.659029919499254,-79.34900993060765,Merchants of Green Coffee,502652fee4b0e6861eab1f29,410,43.659915999999996,-79.35396300000001,Coffee Shop,82,9.1,42,1,20
East Toronto,43.659029919499254,-79.34900993060765,St John's Bakery,4bb77483b35776b0b394c701,187,43.660335303157645,-79.35047712257966,Bakery,8,7.5,7,0,2
East Toronto,43.659029919499254,-79.34900993060765,Prohibition Gastrohouse,4ae0ab5ff964a520758121e3,108,43.658813485161765,-79.35032270812796,Gastropub,146,7.4,214,1,78
East Toronto,43.659029919499254,-79.34900993060765,Mean Bao,55f07a51498ef8afddf53c9c,83,43.659232,-79.348011,Chinese Restaurant,34,7.4,18,1,11
East Toronto,43.659029919499254,-79.34900993060765,The Cannonball,4ad883f6f964a520f01121e3,284,43.65829890360229,-79.35239704706818,Coffee Shop,22,7.6,29,0,25
East Toronto,43.659029919499254,-79.34900993060765,Sushi Bar,4adc95f3f964a520912d21e3,90,43.65879825022111,-79.35008516753265,Sushi Restaurant,13,7.2,22,0,21
West Toronto,43.6647117748975,-79.34634588922047,Batifole,4b05d9a3f964a5205ce422e3,228,43.66665129353464,-79.34726110140059,French Restaurant,17,8.8,15,0,15
West Toronto,43.6647117748975,-79.34634588922047,Bach Yen,4c0536289a7920a1714ad279,230,43.66660030737588,-79.3475186610204,Vietnamese Restaurant,20,8.3,12,0,10
West Toronto,43.6647117748975,-79.34634588922047,Hailed Coffee,56d331c5498e8113529782ed,254,43.6669,-79.34543199999999,Coffee Shop,53,8.4,81,1,45
West Toronto,43.6647117748975,-79.34634588922047,Mi Mi Restaurant,4ae77362f964a52069ab21e3,281,43.66629336492295,-79.3490786424722,Vietnamese Restaurant,26,8.2,26,0,27
West Toronto,43.6647117748975,-79.34634588922047,Rock Oasis,4e21f9fbcc3fee7eee221f0f,314,43.665879813657895,-79.34279442481119,Climbing Gym,39,8.3,1,1,12
West Toronto,43.6647117748975,-79.34634588922047,Pho Que Ling,4b9567c4f964a520daa034e3,276,43.66604843354207,-79.34924136659451,Vietnamese Restaurant,16,7.8,12,0,7
West Toronto,43.6647117748975,-79.34634588922047,Andrea's Gerrard St. Bakery,5003029ce4b07c8ae9a993a7,371,43.665867972020855,-79.35067098697503,Bakery,20,8.3,39,0,15
West Toronto,43.6647117748975,-79.34634588922047,Wong's Ice Cream + Store,593c510c9ad60e0c0722a483,410,43.665720828413036,-79.35124262662545,Ice Cream Shop,14,8.5,10,0,1
West Toronto,43.6647117748975,-79.34634588922047,Pho House,526b048e11d269d7538f9d0b,429,43.66574006403083,-79.35149290277991,Vietnamese Restaurant,18,8.5,27,0,12
West Toronto,43.6647117748975,-79.34634588922047,The Real Jerk Restaurant,5240e04fbce607d489eb95d9,439,43.667734646042526,-79.34283873302478,Caribbean Restaurant,60,8.5,63,1,16
West Toronto,43.6647117748975,-79.34634588922047,Simon's Wok,4af5eb2af964a520cffe21e3,265,43.66702629497103,-79.34556905326276,Vegetarian / Vegan Restaurant,9,7.5,11,0,9
West Toronto,43.6647117748975,-79.34634588922047,Wynona,5b09e809a6031c002cdd9c37,291,43.667035999999996,-79.344672,Bistro,7,7.6,6,0,3
West Toronto,43.6647117748975,-79.34634588922047,Ha Noi 3 Seasons,4bfb0fcaf214a59368bcae0e,477,43.6655780860176,-79.3521527142361,Asian Restaurant,21,8.6,16,0,11
West Toronto,43.6647117748975,-79.34634588922047,Farside,57c0d03f498e814e3f91fb63,447,43.665680782472364,-79.35174180554331,Bar,12,8.3,3,0,4
West Toronto,43.6647117748975,-79.34634588922047,Dundas & Carlaw,536d7729498ee6e7190aa07a,379,43.66464025249429,-79.3416282744313,Bar,26,7.8,29,0,7
West Toronto,43.6647117748975,-79.34634588922047,Wonder Pens,51d5d8e2498ee77b07ac0ab8,447,43.662809067344405,-79.34145159601191,Stationery Store,16,8.0,15,0,8
West Toronto,43.6647117748975,-79.34634588922047,Gare De L'est,593227210531e8316474a80e,401,43.665024439290725,-79.34137522699689,French Restaurant,9,7.6,4,0,0
West Toronto,43.6647117748975,-79.34634588922047,Lolabar,4b85d7e1f964a520e97531e3,375,43.66476072278007,-79.34168904627538,Lounge,2,7.5,10,0,6
West Toronto,43.6647117748975,-79.34634588922047,Tung Hing Bakery,4b6dde10f964a52011972ce3,500,43.665178752123936,-79.35253082343527,Bakery,5,7.8,14,0,7
West Toronto,43.6647117748975,-79.34634588922047,Spirit Loft Yoga,4f132a67e4b0958ec2fd1130,423,43.663548159441355,-79.3413327874046,Yoga Studio,4,7.4,1,0,3
West Toronto,43.6647117748975,-79.34634588922047,Lady Marmalade,5c1e894b7b385f002cdc6ca7,448,43.663216,-79.35152,Breakfast Spot,19,7.2,15,0,8
West Toronto,43.6647117748975,-79.34634588922047,Rose's Vietnamese Sandwiches,4f133f22e4b09e81da8cf1b7,441,43.66561182295877,-79.35168477178863,Vietnamese Restaurant,5,7.0,7,0,5
West Toronto,43.6647117748975,-79.34634588922047,Dwell Gym,52c9880b498edccef881e7b0,446,43.6634116374049,-79.3411044597478,Gym / Fitness Center,7,7.0,1,0,0
Central Toronto,43.60972747387443,-79.49284428510224,Norris Crescent Parkette,4ff092a0e4b07cca83dd590a,461,43.610744291384655,-79.48728918435411,Park,9,8.1,9,0,0
Central Toronto,43.60972747387443,-79.49284428510224,Mario & Selina's No Frills,4e88ebbb8231210e528f1523,486,43.612186,-79.497828,Grocery Store,20,7.1,5,0,2
Central Toronto,43.60972747387443,-79.49284428510224,TD Canada Trust,4cf040f81c158cfa7bb4c8b5,449,43.61318188021061,-79.48995835614369,Bank,3,6.7,2,0,0
Central Toronto,43.60972747387443,-79.49284428510224,Canadiana Restaurant,4b90ff4bf964a520499e33e3,500,43.61358750347395,-79.48966619920637,Breakfast Spot,13,6.6,7,0,6
Central Toronto,43.60972747387443,-79.49284428510224,7-Eleven,4b6b3ac2f964a520e7fa2be3,435,43.61307628496873,-79.49004654587952,Convenience Store,2,6.2,15,0,3
Mississauga,43.587260000000065,-79.64493999999995,Mississauga Celebration Square,4dca80e63151039761128244,191,43.588269345900706,-79.64301473543023,Plaza,104,8.8,411,1,18
Mississauga,43.587260000000065,-79.64493999999995,Alioli Ristorante,4baea3fdf964a520dac93be3,241,43.5852,-79.644006,Italian Restaurant,31,8.0,29,1,9
Mississauga,43.587260000000065,-79.64493999999995,Second Cup,4b9e85f1f964a5208beb36e3,132,43.588269828404805,-79.64581302574287,Café,38,7.6,23,1,22
Mississauga,43.587260000000065,-79.64493999999995,Living Arts Centre,4b0fea3bf964a520336623e3,279,43.5897345022727,-79.64551552231866,Performing Arts Venue,81,7.8,140,1,14
Mississauga,43.587260000000065,-79.64493999999995,Moksha Square One,4f0121a2be7bbcd4f4c9bc6e,413,43.588693177739714,-79.6496648000628,Yoga Studio,12,8.0,1,0,10
Mississauga,43.587260000000065,-79.64493999999995,YMCA Mississauga,4b0d7c64f964a520644923e3,75,43.58685685639638,-79.64418411254883,College Gym,28,7.0,1,0,10
Mississauga,43.587260000000065,-79.64493999999995,RBC Royal Bank,58d127ac5289300da6f54190,189,43.58613,-79.6467,Bank,5,7.0,0,0,0
Mississauga,43.587260000000065,-79.64493999999995,Kinton Ramen,5b0adc0181635b002cb7cab0,206,43.5854808,-79.6456631,Ramen Restaurant,6,6.9,34,0,1
Mississauga,43.587260000000065,-79.64493999999995,Celebration Square Coliseum,4e1772647d8b8af91383b325,148,43.58720560158025,-79.64309518602711,Performing Arts Venue,6,6.8,12,0,0
Mississauga,43.587260000000065,-79.64493999999995,Union Burger,518adb86e4b0dabd64f4af6d,368,43.58984561151907,-79.64779302321527,Burger Joint,32,7.2,17,1,16
Mississauga,43.587260000000065,-79.64493999999995,C Cafe,5101abeb8acab1312ae8eca6,153,43.58714824841301,-79.64304861584856,Café,6,6.3,10,0,1
Mississauga,43.587260000000065,-79.64493999999995,Failte Irish Pub,4ad8c082f964a520561421e3,400,43.589814919891204,-79.64143825049658,Irish Pub,34,5.7,47,1,38
Mississauga,43.587260000000065,-79.64493999999995,Town & Country 24 Hours,4bb15ec4f964a520548f3ce3,327,43.58758180235194,-79.64089837693817,Deli / Bodega,5,5.6,2,0,8
Mississauga,43.587260000000065,-79.64493999999995,Old Navy,4b7eccfcf964a5207f0030e3,483,43.5914132334378,-79.64319686461239,Clothing Store,9,5.8,8,0,5
